text,date
"The holiday sale UI looks amazing! ğŸ„","2025-12-01"
"Gift tracking is very smooth. â¤ï¸","2025-12-05"
"Shipping took longer than expected. ğŸšš","2025-12-12"
"The checkout page is crashing under heavy load. ğŸ’€","2025-12-20"
"Refund process is a nightmare. ğŸ˜¡","2025-12-28"
"Happy New Year! The site looks fresh. âœ¨","2026-01-01"
"Searching for products is slow today. ğŸ¢","2026-01-08"
"Love the new dark mode feature! ğŸ˜","2026-01-15"
"My account was logged out automatically. Frustrating. ğŸ¤¨","2026-01-22"
"The mobile app is finally stable after the patch. âœ…","2026-01-30"
"Wait time for customer support is over 30 mins. ğŸ“¢","2026-02-01"
"Great ğŸ’ quality products as always!","2026-02-03"
"The image zoom feature is broken on Chrome. ğŸš«","2026-02-05"
"Fast delivery and great packaging! ğŸš€","2026-02-06"
"The website is down again. Fix it! ğŸ¤¬","2026-02-07"